{"cameraMode":{"drawMode":0,"name":"Shaded","section":"Shading Mode"},"sceneLighting":false,"audioPlay":false,"sceneViewState":{"showFog":true,"showMaterialUpdate":false,"showSkybox":true,"showFlares":true,"showImageEffects":true,"showParticleSystems":true},"in2DMode":false,"pivot":{"x":12.779999732971192,"y":0.5,"z":-11.479999542236329},"rotation":{"x":0.42907804250717165,"y":0.42623043060302737,"z":-0.2409464716911316,"w":0.759054958820343},"size":3.454784631729126,"orthographic":true}