{"cameraMode":{"drawMode":0,"name":"Shaded","section":"Shading Mode"},"sceneLighting":false,"audioPlay":false,"sceneViewState":{"showFog":true,"showMaterialUpdate":false,"showSkybox":true,"showFlares":true,"showImageEffects":true,"showParticleSystems":true},"in2DMode":false,"pivot":{"x":-18.316394805908204,"y":52.811790466308597,"z":55.97414016723633},"rotation":{"x":0.35300394892692568,"y":0.44825658202171328,"z":-0.19856807589530946,"w":0.7968845963478088},"size":38.66012191772461,"orthographic":true}