{"cameraMode":{"drawMode":0,"name":"Shaded","section":"Shading Mode"},"sceneLighting":false,"audioPlay":false,"sceneViewState":{"showFog":true,"showMaterialUpdate":false,"showSkybox":true,"showFlares":true,"showImageEffects":true,"showParticleSystems":true},"in2DMode":false,"pivot":{"x":4.76837158203125e-7,"y":8.801257133483887,"z":0.0},"rotation":{"x":0.35300394892692568,"y":0.44825658202171328,"z":-0.19856807589530946,"w":0.7968845963478088},"size":25.76472282409668,"orthographic":true}