{"cameraMode":{"drawMode":0,"name":"Shaded","section":"Shading Mode"},"sceneLighting":false,"audioPlay":false,"sceneViewState":{"showFog":true,"showMaterialUpdate":false,"showSkybox":true,"showFlares":true,"showImageEffects":true,"showParticleSystems":true},"in2DMode":false,"pivot":{"x":88.73385620117188,"y":4.315476417541504,"z":45.40803146362305},"rotation":{"x":-0.3583886921405792,"y":-0.3769819140434265,"z":0.1610802859067917,"w":-0.8387463688850403},"size":21.49654197692871,"orthographic":true}