{"cameraMode":{"drawMode":0,"name":"Shaded","section":"Shading Mode"},"sceneLighting":false,"audioPlay":false,"sceneViewState":{"showFog":true,"showMaterialUpdate":false,"showSkybox":true,"showFlares":true,"showImageEffects":true,"showParticleSystems":true},"in2DMode":false,"pivot":{"x":36.1416015625,"y":19.669921875,"z":103.701171875},"rotation":{"x":-0.40858030319213869,"y":-0.0008302915375679731,"z":0.00036897059180773795,"w":-0.9127219915390015},"size":10.53861141204834,"orthographic":true}