{"cameraMode":{"drawMode":0,"name":"Shaded","section":"Shading Mode"},"sceneLighting":false,"audioPlay":false,"sceneViewState":{"showFog":true,"showMaterialUpdate":false,"showSkybox":true,"showFlares":true,"showImageEffects":true,"showParticleSystems":true},"in2DMode":false,"pivot":{"x":8.74107837677002,"y":5.351475238800049,"z":118.00648498535156},"rotation":{"x":-0.03202638402581215,"y":-0.9367488026618958,"z":0.33696967363357546,"w":-0.08903682231903076},"size":25.767860412597658,"orthographic":true}